SLNo,First_Name,Last_Name,Age,PhoneNo,Address,Email,Hospital_Name
1,Dhruvadeep,Malakar,17,123456789,28 C2 Hiyaday Guwahati,test@mail.com,Apollo Hospital
2,Aman,Kalita,17,123456789,29 C2 Hiyaday Guwahati,test@mail.com,Cancer Hospital
3,Rupanjoy,Paul,17,123456789,30 C2 Hiyaday Guwahati,test@mail.com,Gauhati Medical College & Hospital
4,Disha,Deka,17,123456789,31 C2 Hiyaday Guwahati,test@mail.com,Nemcare Hospital
5,Susanka,Das,17,123456789,32 C2 Hiyaday Guwahati,test@mail.com,Gauhati Medical College & Hospital
6,Tanmay,Paul,16,123456789,33 C2 Hiyaday Guwahati,test@mail.com,Apollo Hospital
7,Aditya,Sen,15,123456789,34 C2 Hiyaday Guwahati,test@mail.com,Borthakur Nursing Hospital
8,Shubham,Saini,32,123456789,35 C2 Hiyaday Guwahati,test@mail.com,Apollo Hospital
9,Saif,Hussain,52,123456789,36 C2 Hiyaday Guwahati,test@mail.com,Borthakur Nursing Hospital
10,Hiyashree,Saikia,42,123456789,37 C2 Hiyaday Guwahati,test@mail.com,Borthakur Nursing Hospital
